Altium Designer Pick and Place Locations
C:\Users\Matthew\AppData\Local\TempReleases\Snapshot\4\Sources\Pick Place\Pick Place for Cold_Flow_Power_v1.csv

========================================================================================================================
File Design Information:

Date:       26/08/23
Time:       12:27
Revision:   Not in VersionControl
Variant:    No variations
Units used: mm

"Designator","Comment","Layer","Footprint","Center-X(mm)","Center-Y(mm)","Rotation","Description"
"J6","1935161","TopLayer","1935161","63.5032","6.5456","0","Connector"
"R17","22.1K","TopLayer","J1-0603-mod","56.4522","33.1369","180","Resistor"
"R15","14K","TopLayer","J1-0603-mod","52.9291","30.4546","0","Resistor"
"U4","AP64350SP-13","TopLayer","SOIC127P600X163-9N","58.1584","29.5326","180","3V8 to 40V input, 3.5A low IQ synchronous buck with programmable frequency"
"U3","AP64350SP-13","TopLayer","SOIC127P600X163-9N","24.0716","25.6210","180","3V8 to 40V input, 3.5A low IQ synchronous buck with programmable frequency"
"U2","LT3479EFE#TRPBF","TopLayer","LT-FE-16-EPV-BC_M","54.3978","42.3010","0","3 A, Full Featured DC/DC Converter with Soft-Start and Inrush Current Protection, 16-pin SOP (FE-16-EPV-BC), -40 to 85 degC, Pb-Free, Tape and Reel"
"U1","LT3479EFE#TRPBF","TopLayer","LT-FE-16-EPV-BC_M","26.9926","42.3010","0","3 A, Full Featured DC/DC Converter with Soft-Start and Inrush Current Protection, 16-pin SOP (FE-16-EPV-BC), -40 to 85 degC, Pb-Free, Tape and Reel"
"R16","115K","TopLayer","J1-0603-mod","53.6979","33.1369","0","Resistor"
"R14","200K","TopLayer","J1-0603-mod","60.7434","33.2994","0","Resistor"
"R13","22.1K","TopLayer","J1-0603-mod","22.5672","29.2253","180","Resistor"
"R12","226K","TopLayer","J1-0603-mod","19.8129","29.2253","180","Resistor"
"R11","25.2K","TopLayer","J1-0603-mod","18.8423","26.6954","0","Resistor"
"R10","200K","TopLayer","J1-0603-mod","26.5474","29.4564","0","Resistor"
"R9","51.7K","TopLayer","J1-0603-mod","59.1298","38.2270","0","Resistor"
"R8","453K","TopLayer","J1-0603-mod","60.6284","40.3606","0","Resistor"
"R7","500K","TopLayer","FP-3296W-MFG","66.3448","44.4246","270","Potentiometer"
"R6","10K","TopLayer","J1-0603-mod","61.5428","43.2428","270","Resistor"
"R5","6.49K","TopLayer","J1-0603-mod","44.4994","40.2456","90","Resistor"
"R4","51.7K","TopLayer","J1-0603-mod","31.7246","38.2270","0","Resistor"
"R3","953K","TopLayer","J1-0603-mod","33.2232","40.3606","180","Resistor"
"R2","10K","TopLayer","J1-0603-mod","34.1376","43.2428","270","Resistor"
"R1","6.49K","TopLayer","J1-0603-mod","17.0942","40.2456","90","Resistor"
"L4","5.5uH","TopLayer","WE-HCI-1050","53.2384","19.9783","270","Inductor"
"L3","4.3uH","TopLayer","ASPIAIGF60504R3MT","20.2961","18.1167","270","Inductor"
"L2","4.7uH","TopLayer","FP-DG6045C-MFG","46.4186","47.3832","90","Inductor"
"L1","4.7uH","TopLayer","FP-DG6045C-MFG","19.0134","47.3832","90","Inductor"
"J5","1935161","TopLayer","1935161","48.6480","6.5456","0","Connector"
"J4","1935161","TopLayer","1935161","21.9018","6.5456","0","Connector"
"J3","1935161","TopLayer","1935161","48.6480","59.4030","180","Connector"
"J2","1935161","TopLayer","1935161","21.9018","59.4030","180","Connector"
"J1","1935161","TopLayer","1935161","6.4770","32.5520","270","Connector"
"D2","B340AE-13","TopLayer","DIOM5226X240N","53.7284","49.7256","0","Schottky Diode"
"D1","B340AE-13","TopLayer","DIOM5226X240N","26.3232","49.7256","0","Schottky Diode"
"C18","22uF","TopLayer","C0805","60.5927","15.2654","180","Capacitor"
"C17","22uF","TopLayer","C0805","60.5927","17.3736","180","Capacitor"
"C16","100nF","TopLayer","1608[0603]","60.8584","25.2783","270","Capacitor"
"C15","3.3nF","TopLayer","1608[0603]","52.9291","28.9052","180","Capacitor"
"C14","10uF","TopLayer","C0805","62.9877","28.1806","90","Capacitor"
"C13","22uF","TopLayer","C0805","26.6504","15.1384","180","Capacitor"
"C12","22uF","TopLayer","C0805","26.6504","17.2720","180","Capacitor"
"C11","100nF","TopLayer","1608[0603]","26.7716","21.3667","270","Capacitor"
"C10","3.3nF","TopLayer","1608[0603]","18.8423","24.9936","180","Capacitor"
"C9","10uF","TopLayer","C0805","28.9009","24.2436","90","Capacitor"
"C8","4.7uF","TopLayer","C0805","58.4440","48.9712","90","Capacitor"
"C7","2.2nF","TopLayer","1608[0603]","60.2771","45.6184","180","Capacitor"
"C6","10nF","TopLayer","1608[0603]","59.6271","43.5142","270","Capacitor"
"C5","2.2uF","TopLayer","1608[0603]","48.8682","40.2082","90","Capacitor"
"C4","4.7uF","TopLayer","C0805","31.0388","48.9712","90","Capacitor"
"C3","2.2nF","TopLayer","1608[0603]","32.8719","45.6184","180","Capacitor"
"C2","10nF","TopLayer","1608[0603]","32.2219","43.5142","270","Capacitor"
"C1","2.2uF","TopLayer","1608[0603]","21.4630","40.2082","90","Capacitor"
