Altium Designer Pick and Place Locations
C:\Users\Matthew\AppData\Local\TempReleases\Snapshot\2\Sources\Pick Place\Pick Place for Power_Board_v2.csv

========================================================================================================================
File Design Information:

Date:       06/04/24
Time:       14:03
Revision:   Not in VersionControl
Variant:    No variations
Units used: mm

"Designator","Comment","Layer","Footprint","Center-X(mm)","Center-Y(mm)","Rotation","Description"
"P24","Header 2","TopLayer","1935161","60.9200","6.3500","0","Header, 2-Pin"
"P23","Header 2","TopLayer","1935161","26.6300","6.3500","0","Header, 2-Pin"
"P22","Header 2","TopLayer","1935161","61.0000","72.3900","180","Header, 2-Pin"
"P4","Header 2","TopLayer","1935161","90.1300","6.3500","0","Header, 2-Pin"
"C14","10uF","TopLayer","1206_CAPACITOR","70.9930","27.3050","270","Capacitor"
"C34","0.047uF","TopLayer","0805_Capacitor","66.0119","31.5722","270","Capacitor"
"C44","0.068uF","TopLayer","0805_Capacitor","60.9600","36.4490","180","Capacitor"
"C54","180pF","TopLayer","0805_Capacitor","60.9600","34.1630","180","Capacitor"
"C74","0.1uF","TopLayer","0805_Capacitor","66.7119","28.7204","180","Capacitor"
"C84","10uF","TopLayer","1206_CAPACITOR","54.7370","24.7650","270","Capacitor"
"C94","10uF","TopLayer","1206_CAPACITOR","51.8160","24.7650","270","Capacitor"
"C104","10uF","TopLayer","1206_CAPACITOR","48.8950","24.7650","270","Capacitor"
"D4","B540C-13-F","TopLayer","B540C-13-F","57.9120","17.7800","180","Schottky Diode"
"L14","10uH","TopLayer","EXLA1V0707-100-R","68.1990","19.8120","270","Inductor"
"R14","187K","TopLayer","0805_RESISTOR","54.2290","36.2149","180","Resistor"
"R24","10K","TopLayer","0805_RESISTOR","54.2180","34.1630","0","Resistor"
"R34","2.87K","TopLayer","0805_RESISTOR","58.0390","34.7980","270","Resistor"
"R44","78.7K","TopLayer","0805_RESISTOR","54.2180","31.1150","0","Resistor"
"U14","TPS55340PWPR","TopLayer","TPS55340","60.9600","29.2100","180",""
"C13","10uF","TopLayer","1206_CAPACITOR","36.7030","27.3050","270","Capacitor"
"C33","0.047uF","TopLayer","0805_Capacitor","31.7219","31.5722","270","Capacitor"
"C43","0.068uF","TopLayer","0805_Capacitor","26.6700","36.4490","180","Capacitor"
"C53","180pF","TopLayer","0805_Capacitor","26.6700","34.1630","180","Capacitor"
"C73","0.1uF","TopLayer","0805_Capacitor","32.4219","28.7204","180","Capacitor"
"C83","10uF","TopLayer","1206_CAPACITOR","20.4470","24.7650","270","Capacitor"
"C93","10uF","TopLayer","1206_CAPACITOR","17.5260","24.7650","270","Capacitor"
"C103","10uF","TopLayer","1206_CAPACITOR","14.6050","24.7650","270","Capacitor"
"D3","B540C-13-F","TopLayer","B540C-13-F","23.6220","17.7800","180","Schottky Diode"
"L13","10uH","TopLayer","EXLA1V0707-100-R","33.9090","19.8120","270","Inductor"
"R13","187K","TopLayer","0805_RESISTOR","19.9390","36.2149","180","Resistor"
"R23","10K","TopLayer","0805_RESISTOR","19.9280","34.1630","0","Resistor"
"R33","2.87K","TopLayer","0805_RESISTOR","23.7490","34.7980","270","Resistor"
"R43","78.7K","TopLayer","0805_RESISTOR","19.9280","31.1150","0","Resistor"
"U13","TPS55340PWPR","TopLayer","TPS55340","26.6700","29.2100","180",""
"C12","10uF","TopLayer","1206_CAPACITOR","53.4670","51.4350","90","Capacitor"
"C32","0.047uF","TopLayer","0805_Capacitor","58.4482","47.1678","90","Capacitor"
"C42","0.068uF","TopLayer","0805_Capacitor","63.5000","42.2910","0","Capacitor"
"C52","180pF","TopLayer","0805_Capacitor","63.5000","44.5770","0","Capacitor"
"C72","0.1uF","TopLayer","0805_Capacitor","57.7481","50.0197","0","Capacitor"
"C82","10uF","TopLayer","1206_CAPACITOR","69.7230","53.9750","90","Capacitor"
"C92","10uF","TopLayer","1206_CAPACITOR","72.6440","53.9750","90","Capacitor"
"C102","10uF","TopLayer","1206_CAPACITOR","75.5650","53.9750","90","Capacitor"
"D2","B540C-13-F","TopLayer","B540C-13-F","66.5480","60.9600","0","Schottky Diode"
"L12","10uH","TopLayer","EXLA1V0707-100-R","56.2610","58.9280","90","Inductor"
"R12","187K","TopLayer","0805_RESISTOR","70.2310","42.5251","0","Resistor"
"R22","10K","TopLayer","0805_RESISTOR","70.2420","44.5770","180","Resistor"
"R32","2.87K","TopLayer","0805_RESISTOR","66.4210","43.9420","90","Resistor"
"R42","78.7K","TopLayer","0805_RESISTOR","70.2420","47.6250","180","Resistor"
"U12","TPS55340PWPR","TopLayer","TPS55340","63.5000","49.5300","0",""
"C2","10uF","TopLayer","1206_CAPACITOR","96.2819","26.1590","90","Capacitor"
"C4","3.3nF","TopLayer","0805_Capacitor","85.6870","31.6230","180","Capacitor"
"C6","100nF","TopLayer","0805_Capacitor","93.9800","22.9490","270","Capacitor"
"C8","22uF","TopLayer","1206_CAPACITOR","92.7130","19.1770","180","Capacitor"
"C10","22uF","TopLayer","1206_CAPACITOR","92.7130","16.2560","180","Capacitor"
"L2","6.8uH","TopLayer","SRP6060FA","86.4870","21.3360","0","Inductor"
"R2","200K","TopLayer","0805_RESISTOR","96.3930","31.7500","270","Resistor"
"R4","14K","TopLayer","0805_RESISTOR","85.7760","29.5211","0","Resistor"
"R6","115K","TopLayer","0805_RESISTOR","89.0270","32.6390","90","Resistor"
"R8","22.1K","TopLayer","0805_RESISTOR","91.1860","32.6390","270","Resistor"
"U2","AP64350SP-13","TopLayer","AP64350","91.4398","27.9400","180","3V8 to 40V input, 3.5A low IQ synchronous buck with programmable frequency"
"U11","TPS55340PWPR","TopLayer","TPS55340","29.2100","49.5300","0",""
"U1","AP64350SP-13","TopLayer","AP64350","91.4403","50.8000","0","3V8 to 40V input, 3.5A low IQ synchronous buck with programmable frequency"
"R41","78.7K","TopLayer","0805_RESISTOR","35.9520","47.6250","180","Resistor"
"R31","2.87K","TopLayer","0805_RESISTOR","32.1310","43.9420","90","Resistor"
"R21","10K","TopLayer","0805_RESISTOR","35.9520","44.5770","180","Resistor"
"R11","187K","TopLayer","0805_RESISTOR","35.9410","42.5251","0","Resistor"
"R7","22.1K","TopLayer","0805_RESISTOR","91.6940","46.1010","90","Resistor"
"R5","226K","TopLayer","0805_RESISTOR","93.8530","46.1010","270","Resistor"
"R3","25.2K","TopLayer","0603_RESISTOR","97.0280","49.0220","180","Resistor"
"R1","200K","TopLayer","0805_RESISTOR","86.4870","46.9900","90","Resistor"
"P21","Header 2","TopLayer","1935161","26.6300","72.3900","180","Header, 2-Pin"
"P3","Header 2","TopLayer","1935161","90.1300","72.3900","180","Header, 2-Pin"
"P1","Header 2","TopLayer","1935161","6.6040","39.3300","270","Header, 2-Pin"
"L11","10uH","TopLayer","EXLA1V0707-100-R","21.9710","58.9280","90","Inductor"
"L1","6.8uH","TopLayer","SRP6060FA","96.3930","57.4040","180","Inductor"
"D1","B540C-13-F","TopLayer","B540C-13-F","32.2580","60.9600","0","Schottky Diode"
"C101","10uF","TopLayer","1206_CAPACITOR","41.2750","53.9750","90","Capacitor"
"C91","10uF","TopLayer","1206_CAPACITOR","38.3540","53.9750","90","Capacitor"
"C81","10uF","TopLayer","1206_CAPACITOR","35.4330","53.9750","90","Capacitor"
"C71","0.1uF","TopLayer","0805_Capacitor","23.4581","50.0197","0","Capacitor"
"C51","180pF","TopLayer","0805_Capacitor","29.2100","44.5770","0","Capacitor"
"C41","0.068uF","TopLayer","0805_Capacitor","29.2100","42.2910","0","Capacitor"
"C31","0.047uF","TopLayer","0805_Capacitor","24.1582","47.1678","90","Capacitor"
"C11","10uF","TopLayer","1206_CAPACITOR","19.1770","51.4350","90","Capacitor"
"C9","22uF","TopLayer","1206_CAPACITOR","90.1670","62.4840","0","Capacitor"
"C7","22uF","TopLayer","1206_CAPACITOR","90.1670","59.5630","0","Capacitor"
"C5","100nF","TopLayer","0805_Capacitor","88.9000","55.7910","90","Capacitor"
"C3","3.3nF","TopLayer","0805_Capacitor","97.1930","47.1170","0","Capacitor"
"C1","10uF","TopLayer","1206_CAPACITOR","86.5981","52.5810","270","Capacitor"
